n, category, implementation, time_us, memory_bytes
100, UniquePtr, raw, 32, 4
100, UniquePtr, my, 9, 4
100, UniquePtr, stl, 24, 4
100, UniquePtrArray, raw, 1, 400
100, UniquePtrArray, my, 1, 400
100, UniquePtrArray, stl, 3, 400
100, SharedPtr, raw, 11, 4
100, SharedPtr, my, 24, 8
100, SharedPtr, stl, 144, 24
100, SharedPtrArray, raw, 2, 400
100, SharedPtrArray, my, 3, 404
100, SharedPtrArray, stl, 7, 424
1000, UniquePtr, raw, 80, 4
1000, UniquePtr, my, 102, 4
1000, UniquePtr, stl, 214, 4
1000, UniquePtrArray, raw, 4, 4000
1000, UniquePtrArray, my, 3, 4000
1000, UniquePtrArray, stl, 5, 4000
1000, SharedPtr, raw, 98, 4
1000, SharedPtr, my, 217, 8
1000, SharedPtr, stl, 1950, 24
1000, SharedPtrArray, raw, 4, 4000
1000, SharedPtrArray, my, 4, 4004
1000, SharedPtrArray, stl, 8, 4024
10000, UniquePtr, raw, 537, 4
10000, UniquePtr, my, 570, 4
10000, UniquePtr, stl, 1608, 4
10000, UniquePtrArray, raw, 24, 40000
10000, UniquePtrArray, my, 3, 40000
10000, UniquePtrArray, stl, 4, 40000
10000, SharedPtr, raw, 638, 4
10000, SharedPtr, my, 2258, 8
10000, SharedPtr, stl, 3883, 24
10000, SharedPtrArray, raw, 4, 40000
10000, SharedPtrArray, my, 7, 40004
10000, SharedPtrArray, stl, 7, 40024
100000, UniquePtr, raw, 6640, 4
100000, UniquePtr, my, 9407, 4
100000, UniquePtr, stl, 19195, 4
100000, UniquePtrArray, raw, 20, 400000
100000, UniquePtrArray, my, 4, 400000
100000, UniquePtrArray, stl, 5, 400000
100000, SharedPtr, raw, 5820, 4
100000, SharedPtr, my, 17515, 8
100000, SharedPtr, stl, 33049, 24
100000, SharedPtrArray, raw, 4, 400000
100000, SharedPtrArray, my, 5, 400004
100000, SharedPtrArray, stl, 8, 400024
1000000, UniquePtr, raw, 58204, 4
1000000, UniquePtr, my, 64023, 4
1000000, UniquePtr, stl, 175006, 4
1000000, UniquePtrArray, raw, 162, 4000000
1000000, UniquePtrArray, my, 103, 4000000
1000000, UniquePtrArray, stl, 97, 4000000
1000000, SharedPtr, raw, 69536, 4
1000000, SharedPtr, my, 154241, 8
1000000, SharedPtr, stl, 280835, 24
1000000, SharedPtrArray, raw, 107, 4000000
1000000, SharedPtrArray, my, 65, 4000004
1000000, SharedPtrArray, stl, 74, 4000024
